name,credit_code,alias,is_key,notes,province,city
标的公司示例01,,,1,样表：请替换为工商登记全称；credit_code/省市区选填,,,
标的公司示例02,,,1,样表：请替换为工商登记全称,,,
标的公司示例03,,,1,样表：请替换为工商登记全称,,,
标的公司示例04,,,1,样表：请替换为工商登记全称,,,
标的公司示例05,,,1,样表：请替换为工商登记全称,,,
标的公司示例06,,,1,样表：请替换为工商登记全称,,,
标的公司示例07,,,1,样表：请替换为工商登记全称,,,
标的公司示例08,,,1,样表：请替换为工商登记全称,,,
标的公司示例09,,,1,样表：请替换为工商登记全称,,,
标的公司示例10,,,1,样表：请替换为工商登记全称,,,
标的公司示例11,,,1,样表：请替换为工商登记全称,,,
标的公司示例12,,,1,样表：请替换为工商登记全称,,,
标的公司示例13,,,1,样表：请替换为工商登记全称,,,
标的公司示例14,,,1,样表：请替换为工商登记全称,,,
标的公司示例15,,,1,样表：请替换为工商登记全称,,,
标的公司示例16,,,1,样表：请替换为工商登记全称,,,
标的公司示例17,,,1,样表：请替换为工商登记全称,,,
标的公司示例18,,,1,样表：请替换为工商登记全称,,,
标的公司示例19,,,1,样表：请替换为工商登记全称,,,
标的公司示例20,,,1,样表：请替换为工商登记全称,,,
标的公司示例21,,,1,样表：请替换为工商登记全称,,,
标的公司示例22,,,1,样表：请替换为工商登记全称,,,
标的公司示例23,,,1,样表：请替换为工商登记全称,,,
标的公司示例24,,,1,样表：请替换为工商登记全称,,,
标的公司示例25,,,1,样表：请替换为工商登记全称,,,
标的公司示例26,,,1,样表：请替换为工商登记全称,,,
标的公司示例27,,,1,样表：请替换为工商登记全称,,,
标的公司示例28,,,1,样表：请替换为工商登记全称,,,
标的公司示例29,,,1,样表：请替换为工商登记全称,,,
标的公司示例30,,,1,样表：请替换为工商登记全称,,,
